<?xml version="1.0" encoding="UTF-8"?>
<!DOCTYPE mapper
PUBLIC "-//mybatis.org//DTD Mapper 3.0//EN"
"http://mybatis.org/dtd/mybatis-3-mapper.dtd">

<mapper namespace="com.fdoctor.vo.MemberVO">
    <!-- table 속성와 bean 속성과의 매핑 -->
   <resultMap id="MemberMap" type="com.fdoctor.vo.MemberVO">
      <result property="user_id" column="user_id" />
      <result property="user_name" column="user_name" />
      <result property="user_pwd" column="user_pwd" />
      <result property="user_point" column="user_point" />
   </resultMap>  
   
   <!-- 전체 검색 -->
    <select id="selectMembers" resultMap="MemberMap">
      select * from H_Member where user_id!='admin'
    </select>
    
    <!-- 어드민 ok -->
    <select id="adminLogin" resultType="Member" parameterType="Member">
       select * from H_Member where user_id=#{user_id} and user_pwd=#{user_pwd}
    </select>
    
    <!-- 추가 -->
    <insert id = "insert" parameterType="Member">
       insert into H_Member values(#{user_id}, #{user_name}, #{user_pwd}, #{user_point})
    </insert>
    
    <!-- 수정 -->
    <update id="update" parameterType="Member">
       update H_Member set user_point=#{point} where user_id=#{user_id} and user_pwd=#{user_pwd}
    </update>
    
    <!-- 삭제 -->
    <delete id="delete" parameterType="String">
       delete from H_Member where user_id=#{user_id}
    </delete>
</mapper>