<?xml version="1.0" encoding="UTF-8"?>
<!DOCTYPE mapper
PUBLIC "-//mybatis.org//DTD Mapper 3.0//EN"
"http://mybatis.org/dtd/mybatis-3-mapper.dtd">

<mapper namespace="com.fdoctor.vo.MessageVO">

	<resultMap id="MessageMap" type="com.fdoctor.vo.MessageVO">
		<result property="message_no" column="message_no" />
		<result property="sender" column="sender" />
		<result property="recipient" column="recipient" />
		<result property="message_title" column="message_title" />
		<result property="message_cont" column="message_cont" />
		<result property="message_date" column="message_date" />
	</resultMap>  


    <!-- 추가 -->
    <insert id = "sendmessage" parameterType="Message">
    	insert into message values(#{sender}, #{message_title}, #{message_cont})
    </insert>
</mapper>
