<?xml version="1.0" encoding="UTF-8"?>
<!DOCTYPE mapper
PUBLIC "-//mybatis.org//DTD Mapper 3.0//EN"
"http://mybatis.org/dtd/mybatis-3-mapper.dtd">

<mapper namespace="com.fdoctor.vo.ReviewVO">
    <!-- table 속성와 bean 속성과의 매핑 -->
	<resultMap id="ReviewMap" type="com.fdoctor.vo.ReviewVO">
		<result property="name" column="name" />
		<result property="review" column="review" />
		<result property="reg_date" column="reg_date" />
	</resultMap>  
	
	<!-- 전체 검색 -->
    <select id="reviewAll" resultMap="ReviewMap">
		select * from detail
    </select>

    
    <!-- 추가 -->
    <insert id = "reviewInsert" parameterType="Review">
    	insert into detail values(#{name}, #{review}, sysdate)
    </insert>

</mapper>
