<?xml version="1.0" encoding="UTF-8"?>
<beans xmlns="http://www.springframework.org/schema/beans"
	xmlns:xsi="http://www.w3.org/2001/XMLSchema-instance"
	xmlns:aop="http://www.springframework.org/schema/aop"
	xmlns:jee="http://www.springframework.org/schema/jee"
	xmlns:context="http://www.springframework.org/schema/context"
	xmlns:tx="http://www.springframework.org/schema/tx"
	xsi:schemaLocation="http://www.springframework.org/schema/jee http://www.springframework.org/schema/jee/spring-jee-3.2.xsd
		http://www.springframework.org/schema/beans http://www.springframework.org/schema/beans/spring-beans.xsd
		http://www.springframework.org/schema/context http://www.springframework.org/schema/context/spring-context-3.2.xsd
		http://www.springframework.org/schema/aop http://www.springframework.org/schema/aop/spring-aop-3.2.xsd
		http://www.springframework.org/schema/tx http://www.springframework.org/schema/tx/spring-tx-3.2.xsd">
	
	<!-- Root Context: defines shared resources visible to all other web components -->
	<jee:jndi-lookup id="dataSourceSpied" jndi-name="jdbc/orcl" resource-ref="true"/>
	<!-- resource-ref="true" : server.xml에서 resource 참조 -->
	
	<!-- 앞에 jee 넣고 log 처리까지 추가한 것 -->
	<bean id="dataSource" class="net.sf.log4jdbc.Log4jdbcProxyDataSource">
		<constructor-arg ref="dataSourceSpied" />
		<property name="logFormatter">
			<bean class="net.sf.log4jdbc.tools.Log4JdbcCustomFormatter">
				<property name="loggingType" value="MULTI_LINE" />
				<property name="sqlPrefix" value="SQL:::" />
			</bean>
		</property>
	</bean>
	
	<!-- myBatis 환경설정 sqlSession 객체 생성 -->
    <bean id="sqlSessionFactory" class="org.mybatis.spring.SqlSessionFactoryBean">
     <property name="dataSource" ref="dataSource" />
     <property name="configLocation" value="/WEB-INF/spring/mybatisConfig.xml"/>     
    </bean> 
       
    <bean id="sqlSession" class="org.mybatis.spring.SqlSessionTemplate">
       <constructor-arg index="0" ref="sqlSessionFactory" />
    </bean>
</beans>
